the,187,3.91132%
a,105,2.19619%
he,102,2.13344%
and,95,1.98703%
to,93,1.9452%
was,87,1.8197%
of,75,1.56871%
his,67,1.40138%
t,62,1.2968%
it,58,1.21314%
that,58,1.21314%
in,55,1.15039%
He,54,1.12947%
on,49,1.02489%
Dursley,47,0.983058%
I,47,0.983058%
s,45,0.941226%
as,41,0.857561%
had,39,0.815729%
Dumbledore,37,0.773897%
have,33,0.690232%
at,32,0.669316%
said,32,0.669316%
you,32,0.669316%
Mr,30,0.627484%
Professor,30,0.627484%
all,30,0.627484%
be,30,0.627484%
It,28,0.585652%
McGonagall,26,0.543819%
him,26,0.543819%
they,26,0.543819%
were,23,0.481071%
but,22,0.460155%
didn,22,0.460155%
for,22,0.460155%
out,22,0.460155%
Mrs,21,0.439239%
been,21,0.439239%
cat,21,0.439239%
her,21,0.439239%
Harry,20,0.418323%
she,20,0.418323%
people,19,0.397406%
The,17,0.355574%
d,17,0.355574%
into,17,0.355574%
over,17,0.355574%
them,17,0.355574%
very,17,0.355574%
with,16,0.334658%
You,15,0.313742%
back,15,0.313742%
not,15,0.313742%
Hagrid,14,0.292826%
re,14,0.292826%
something,14,0.292826%
street,14,0.292826%
up,14,0.292826%
can,13,0.27191%
if,13,0.27191%
so,13,0.27191%
this,13,0.27191%
about,12,0.250994%
could,12,0.250994%
couldn,12,0.250994%
know,12,0.250994%
Potter,11,0.230077%
down,11,0.230077%
name,11,0.230077%
no,11,0.230077%
there,11,0.230077%
what,11,0.230077%
Potters,10,0.209161%
around,10,0.209161%
by,10,0.209161%
even,10,0.209161%
eyes,10,0.209161%
here,10,0.209161%
man,10,0.209161%
never,10,0.209161%
saying,10,0.209161%
their,10,0.209161%
ve,10,0.209161%
would,10,0.209161%
But,9,0.188245%
Dudley,9,0.188245%
boy,9,0.188245%
cloak,9,0.188245%
day,9,0.188245%
did,9,0.188245%
just,9,0.188245%
like,9,0.188245%
looked,9,0.188245%
owls,9,0.188245%
see,9,0.188245%
thought,9,0.188245%
Drive,8,0.167329%
Privet,8,0.167329%
are,8,0.167329%
last,8,0.167329%
little,8,0.167329%
me,8,0.167329%
now,8,0.167329%
seen,8,0.167329%
think,8,0.167329%
who,8,0.167329%
A,7,0.146413%
And,7,0.146413%
Dursleys,7,0.146413%
They,7,0.146413%
an,7,0.146413%
because,7,0.146413%
corner,7,0.146413%
from,7,0.146413%
gone,7,0.146413%
got,7,0.146413%
ll,7,0.146413%
much,7,0.146413%
next,7,0.146413%
number,7,0.146413%
off,7,0.146413%
say,7,0.146413%
sister,7,0.146413%
son,7,0.146413%
though,7,0.146413%
wall,7,0.146413%
when,7,0.146413%
which,7,0.146413%
why,7,0.146413%
As,6,0.125497%
Know,6,0.125497%
Muggles,6,0.125497%
She,6,0.125497%
Voldemort,6,0.125497%
We,6,0.125497%
Who,6,0.125497%
before,6,0.125497%
called,6,0.125497%
drills,6,0.125497%
fell,6,0.125497%
found,6,0.125497%
four,6,0.125497%
good,6,0.125497%
himself,6,0.125497%
how,6,0.125497%
looking,6,0.125497%
mind,6,0.125497%
nothing,6,0.125497%
reason,6,0.125497%
right,6,0.125497%
seemed,6,0.125497%
sir,6,0.125497%
suddenly,6,0.125497%
turned,6,0.125497%
two,6,0.125497%
until,6,0.125497%
went,6,0.125497%
yes,6,0.125497%
No,5,0.104581%
Well,5,0.104581%
Yes,5,0.104581%
almost,5,0.104581%
any,5,0.104581%
anything,5,0.104581%
being,5,0.104581%
blankets,5,0.104581%
few,5,0.104581%
get,5,0.104581%
going,5,0.104581%
half,5,0.104581%
head,5,0.104581%
large,5,0.104581%
left,5,0.104581%
lemon,5,0.104581%
letter,5,0.104581%
made,5,0.104581%
might,5,0.104581%
my,5,0.104581%
night,5,0.104581%
normal,5,0.104581%
one,5,0.104581%
only,5,0.104581%
owl,5,0.104581%
put,5,0.104581%
sign,5,0.104581%
sitting,5,0.104581%
stars,5,0.104581%
still,5,0.104581%
things,5,0.104581%
today,5,0.104581%
too,5,0.104581%
wearing,5,0.104581%
will,5,0.104581%
window,5,0.104581%
If,4,0.0836645%
asleep,4,0.0836645%
bundle,4,0.0836645%
celebrating,4,0.0836645%
clicked,4,0.0836645%
cloaks,4,0.0836645%
come,4,0.0836645%
daylight,4,0.0836645%
dear,4,0.0836645%
door,4,0.0836645%
front,4,0.0836645%
garden,4,0.0836645%
gave,4,0.0836645%
hair,4,0.0836645%
has,4,0.0836645%
heard,4,0.0836645%
house,4,0.0836645%
inside,4,0.0836645%
is,4,0.0836645%
its,4,0.0836645%
kill,4,0.0836645%
light,4,0.0836645%
long,4,0.0836645%
look,4,0.0836645%
lot,4,0.0836645%
morning,4,0.0836645%
motorcycle,4,0.0836645%
must,4,0.0836645%
or,4,0.0836645%
past,4,0.0836645%
place,4,0.0836645%
road,4,0.0836645%
sat,4,0.0836645%
some,4,0.0836645%
suppose,4,0.0836645%
tabby,4,0.0836645%
tell,4,0.0836645%
then,4,0.0836645%
told,4,0.0836645%
took,4,0.0836645%
walked,4,0.0836645%
way,4,0.0836645%
we,4,0.0836645%
well,4,0.0836645%
where,4,0.0836645%
wouldn,4,0.0836645%
Albus,3,0.0627484%
For,3,0.0627484%
His,3,0.0627484%
James,3,0.0627484%
Lily,3,0.0627484%
Muggle,3,0.0627484%
Oh,3,0.0627484%
Outer,3,0.0627484%
Petunia,3,0.0627484%
Put,3,0.0627484%
This,3,0.0627484%
What,3,0.0627484%
When,3,0.0627484%
again,3,0.0627484%
air,3,0.0627484%
another,3,0.0627484%
arrived,3,0.0627484%
away,3,0.0627484%
bear,3,0.0627484%
bed,3,0.0627484%
believe,3,0.0627484%
better,3,0.0627484%
black,3,0.0627484%
boots,3,0.0627484%
came,3,0.0627484%
car,3,0.0627484%
changed,3,0.0627484%
dead,3,0.0627484%
do,3,0.0627484%
don,3,0.0627484%
dressed,3,0.0627484%
drop,3,0.0627484%
everything,3,0.0627484%
expect,3,0.0627484%
explain,3,0.0627484%
eyed,3,0.0627484%
face,3,0.0627484%
finally,3,0.0627484%
five,3,0.0627484%
flying,3,0.0627484%
glasses,3,0.0627484%
ground,3,0.0627484%
haven,3,0.0627484%
hoping,3,0.0627484%
knowing,3,0.0627484%
live,3,0.0627484%
living,3,0.0627484%
map,3,0.0627484%
moment,3,0.0627484%
more,3,0.0627484%
most,3,0.0627484%
mysterious,3,0.0627484%
new,3,0.0627484%
news,3,0.0627484%
nor,3,0.0627484%
normally,3,0.0627484%
noticed,3,0.0627484%
old,3,0.0627484%
other,3,0.0627484%
our,3,0.0627484%
outside,3,0.0627484%
passed,3,0.0627484%
pocket,3,0.0627484%
realize,3,0.0627484%
room,3,0.0627484%
same,3,0.0627484%
saw,3,0.0627484%
seem,3,0.0627484%
shooting,3,0.0627484%
silver,3,0.0627484%
sky,3,0.0627484%
small,3,0.0627484%
stopped,3,0.0627484%
stupid,3,0.0627484%
such,3,0.0627484%
sure,3,0.0627484%
these,3,0.0627484%
time,3,0.0627484%
toward,3,0.0627484%
town,3,0.0627484%
tried,3,0.0627484%
twice,3,0.0627484%
upset,3,0.0627484%
voice,3,0.0627484%
wasn,3,0.0627484%
watching,3,0.0627484%
years,3,0.0627484%
yourself,3,0.0627484%
About,2,0.0418323%
After,2,0.0418323%
All,2,0.0418323%
At,2,0.0418323%
Could,2,0.0418323%
Even,2,0.0418323%
Famous,2,0.0418323%
Grunnings,2,0.0418323%
How,2,0.0418323%
In,2,0.0418323%
Instead,2,0.0418323%
Jim,2,0.0418323%
Kent,2,0.0418323%
Most,2,0.0418323%
My,2,0.0418323%
On,2,0.0418323%
Owls,2,0.0418323%
People,2,0.0418323%
Shooting,2,0.0418323%
Sirius,2,0.0418323%
There,2,0.0418323%
Was,2,0.0418323%
able,2,0.0418323%
across,2,0.0418323%
after,2,0.0418323%
allowed,2,0.0418323%
also,2,0.0418323%
always,2,0.0418323%
angrily,2,0.0418323%
anyone,2,0.0418323%
appeared,2,0.0418323%
arms,2,0.0418323%
asked,2,0.0418323%
aunt,2,0.0418323%
baby,2,0.0418323%
beard,2,0.0418323%
bent,2,0.0418323%
big,2,0.0418323%
bit,2,0.0418323%
blame,2,0.0418323%
blinked,2,0.0418323%
both,2,0.0418323%
broad,2,0.0418323%
broken,2,0.0418323%
bun,2,0.0418323%
bye,2,0.0418323%
c,2,0.0418323%
call,2,0.0418323%
careless,2,0.0418323%
child,2,0.0418323%
clothes,2,0.0418323%
collecting,2,0.0418323%
concentrate,2,0.0418323%
country,2,0.0418323%
dark,2,0.0418323%
different,2,0.0418323%
disappeared,2,0.0418323%
drops,2,0.0418323%
drove,2,0.0418323%
edge,2,0.0418323%
eleven,2,0.0418323%
emerald,2,0.0418323%
end,2,0.0418323%
enough,2,0.0418323%
ever,2,0.0418323%
every,2,0.0418323%
excitedly,2,0.0418323%
fact,2,0.0418323%
famous,2,0.0418323%
far,2,0.0418323%
feet,2,0.0418323%
find,2,0.0418323%
first,2,0.0418323%
fixed,2,0.0418323%
frightened,2,0.0418323%
funny,2,0.0418323%
gently,2,0.0418323%
great,2,0.0418323%
hadn,2,0.0418323%
handkerchief,2,0.0418323%
hands,2,0.0418323%
happening,2,0.0418323%
happy,2,0.0418323%
harder,2,0.0418323%
hardly,2,0.0418323%
heart,2,0.0418323%
high,2,0.0418323%
holding,2,0.0418323%
home,2,0.0418323%
however,2,0.0418323%
huge,2,0.0418323%
hugged,2,0.0418323%
hurried,2,0.0418323%
imagining,2,0.0418323%
important,2,0.0418323%
instead,2,0.0418323%
involved,2,0.0418323%
isn,2,0.0418323%
jerked,2,0.0418323%
kind,2,0.0418323%
kiss,2,0.0418323%
knew,2,0.0418323%
known,2,0.0418323%
knows,2,0.0418323%
lamp,2,0.0418323%
lay,2,0.0418323%
least,2,0.0418323%
let,2,0.0418323%
life,2,0.0418323%
low,2,0.0418323%
m,2,0.0418323%
markings,2,0.0418323%
may,2,0.0418323%
mean,2,0.0418323%
mention,2,0.0418323%
mood,2,0.0418323%
moon,2,0.0418323%
moved,2,0.0418323%
mustache,2,0.0418323%
nearly,2,0.0418323%
neck,2,0.0418323%
neighbors,2,0.0418323%
nonsense,2,0.0418323%
nose,2,0.0418323%
notice,2,0.0418323%
office,2,0.0418323%
older,2,0.0418323%
open,2,0.0418323%
opened,2,0.0418323%
overhead,2,0.0418323%
perfectly,2,0.0418323%
picked,2,0.0418323%
point,2,0.0418323%
pretended,2,0.0418323%
problems,2,0.0418323%
pulled,2,0.0418323%
quite,2,0.0418323%
rather,2,0.0418323%
reached,2,0.0418323%
reading,2,0.0418323%
roar,2,0.0418323%
ruffled,2,0.0418323%
rumors,2,0.0418323%
screaming,2,0.0418323%
secret,2,0.0418323%
seems,2,0.0418323%
sense,2,0.0418323%
set,2,0.0418323%
several,2,0.0418323%
sharp,2,0.0418323%
should,2,0.0418323%
sight,2,0.0418323%
since,2,0.0418323%
smile,2,0.0418323%
snapped,2,0.0418323%
soon,2,0.0418323%
sorry,2,0.0418323%
sounding,2,0.0418323%
spectacles,2,0.0418323%
sped,2,0.0418323%
spoke,2,0.0418323%
spotted,2,0.0418323%
standing,2,0.0418323%
stare,2,0.0418323%
stared,2,0.0418323%
staring,2,0.0418323%
stiffly,2,0.0418323%
stood,2,0.0418323%
strange,2,0.0418323%
tall,2,0.0418323%
tea,2,0.0418323%
telephone,2,0.0418323%
thank,2,0.0418323%
thin,2,0.0418323%
thing,2,0.0418323%
thinking,2,0.0418323%
times,2,0.0418323%
tiny,2,0.0418323%
together,2,0.0418323%
tonight,2,0.0418323%
traffic,2,0.0418323%
true,2,0.0418323%
trust,2,0.0418323%
twelve,2,0.0418323%
uncle,2,0.0418323%
uneasy,2,0.0418323%
us,2,0.0418323%
usual,2,0.0418323%
waiting,2,0.0418323%
walk,2,0.0418323%
want,2,0.0418323%
wanted,2,0.0418323%
watch,2,0.0418323%
watched,2,0.0418323%
whatever,2,0.0418323%
whisper,2,0.0418323%
whispered,2,0.0418323%
whispering,2,0.0418323%
wide,2,0.0418323%
woman,2,0.0418323%
wondered,2,0.0418323%
word,2,0.0418323%
written,2,0.0418323%
young,2,0.0418323%
Although,1,0.0209161%
Black,1,0.0209161%
Bonfire,1,0.0209161%
Borrowed,1,0.0209161%
Boy,1,0.0209161%
Bristol,1,0.0209161%
Britain,1,0.0209161%
Can,1,0.0209161%
Chapter,1,0.0209161%
Come,1,0.0209161%
Couldn,1,0.0209161%
Dedalus,1,0.0209161%
Diggle,1,0.0209161%
Don,1,0.0209161%
Door,1,0.0209161%
Dundee,1,0.0209161%
Er,1,0.0209161%
Everyone,1,0.0209161%
Exactly,1,0.0209161%
Experts,1,0.0209161%
Fancy,1,0.0209161%
Fear,1,0.0209161%
Flocks,1,0.0209161%
Funny,1,0.0209161%
G,1,0.0209161%
Godric,1,0.0209161%
Going,1,0.0209161%
Good,1,0.0209161%
Harold,1,0.0209161%
Harvey,1,0.0209161%
Her,1,0.0209161%
Hollow,1,0.0209161%
Howard,1,0.0209161%
Inside,1,0.0209161%
Is,1,0.0209161%
Little,1,0.0209161%
Lived,1,0.0209161%
London,1,0.0209161%
Madam,1,0.0209161%
McGuffin,1,0.0209161%
Mysterious,1,0.0209161%
Nasty,1,0.0209161%
Next,1,0.0209161%
Night,1,0.0209161%
None,1,0.0209161%
Nothing,1,0.0209161%
One,1,0.0209161%
Only,1,0.0209161%
Or,1,0.0209161%
Perhaps,1,0.0209161%
Pomfrey,1,0.0209161%
Really,1,0.0209161%
Rejoice,1,0.0209161%
S,1,0.0209161%
Scars,1,0.0209161%
Shhh,1,0.0209161%
Shoo,1,0.0209161%
So,1,0.0209161%
Sorry,1,0.0209161%
Ted,1,0.0209161%
That,1,0.0209161%
Their,1,0.0209161%
Then,1,0.0209161%
These,1,0.0209161%
To,1,0.0209161%
Trying,1,0.0209161%
Tuesday,1,0.0209161%
Twelve,1,0.0209161%
Under,1,0.0209161%
Underground,1,0.0209161%
Viewers,1,0.0209161%
While,1,0.0209161%
Why,1,0.0209161%
Wiping,1,0.0209161%
Won,1,0.0209161%
Would,1,0.0209161%
Yeah,1,0.0209161%
Yorkshire,1,0.0209161%
Young,1,0.0209161%
above,1,0.0209161%
act,1,0.0209161%
acting,1,0.0209161%
admiring,1,0.0209161%
affect,1,0.0209161%
afternoon,1,0.0209161%
age,1,0.0209161%
agree,1,0.0209161%
although,1,0.0209161%
amount,1,0.0209161%
amuse,1,0.0209161%
angry,1,0.0209161%
answer,1,0.0209161%
anxious,1,0.0209161%
anywhere,1,0.0209161%
apart,1,0.0209161%
approve,1,0.0209161%
arm,1,0.0209161%
armchair,1,0.0209161%
ask,1,0.0209161%
astonishing,1,0.0209161%
astounding,1,0.0209161%
astride,1,0.0209161%
awake,1,0.0209161%
backed,1,0.0209161%
bag,1,0.0209161%
baker,1,0.0209161%
bakery,1,0.0209161%
balls,1,0.0209161%
bathroom,1,0.0209161%
beady,1,0.0209161%
bedroom,1,0.0209161%
beefy,1,0.0209161%
behaving,1,0.0209161%
behavior,1,0.0209161%
behind,1,0.0209161%
belt,1,0.0209161%
beneath,1,0.0209161%
beside,1,0.0209161%
best,1,0.0209161%
bet,1,0.0209161%
bike,1,0.0209161%
bird,1,0.0209161%
birds,1,0.0209161%
blew,1,0.0209161%
blonde,1,0.0209161%
blue,1,0.0209161%
blushed,1,0.0209161%
bolt,1,0.0209161%
books,1,0.0209161%
boring,1,0.0209161%
bottles,1,0.0209161%
bound,1,0.0209161%
bowed,1,0.0209161%
breeze,1,0.0209161%
brick,1,0.0209161%
briefcase,1,0.0209161%
bright,1,0.0209161%
bring,1,0.0209161%
bringing,1,0.0209161%
broke,1,0.0209161%
buckled,1,0.0209161%
building,1,0.0209161%
bunch,1,0.0209161%
burying,1,0.0209161%
bushy,1,0.0209161%
business,1,0.0209161%
busy,1,0.0209161%
buy,1,0.0209161%
calls,1,0.0209161%
calmly,1,0.0209161%
care,1,0.0209161%
careful,1,0.0209161%
carefully,1,0.0209161%
carrying,1,0.0209161%
casually,1,0.0209161%
catch,1,0.0209161%
cats,1,0.0209161%
caught,1,0.0209161%
celebrate,1,0.0209161%
celebrations,1,0.0209161%
cereal,1,0.0209161%
certainly,1,0.0209161%
chair,1,0.0209161%
cheek,1,0.0209161%
choosing,1,0.0209161%
chortled,1,0.0209161%
chuckled,1,0.0209161%
cigarette,1,0.0209161%
cle,1,0.0209161%
cleared,1,0.0209161%
climbing,1,0.0209161%
clock,1,0.0209161%
close,1,0.0209161%
closed,1,0.0209161%
cloudy,1,0.0209161%
clutching,1,0.0209161%
cold,1,0.0209161%
coldly,1,0.0209161%
comforting,1,0.0209161%
common,1,0.0209161%
complete,1,0.0209161%
completely,1,0.0209161%
confusing,1,0.0209161%
contrary,1,0.0209161%
couple,1,0.0209161%
course,1,0.0209161%
cousin,1,0.0209161%
craning,1,0.0209161%
crept,1,0.0209161%
cried,1,0.0209161%
crooked,1,0.0209161%
crowd,1,0.0209161%
cups,1,0.0209161%
curiously,1,0.0209161%
cut,1,0.0209161%
dabbed,1,0.0209161%
dare,1,0.0209161%
dared,1,0.0209161%
darkness,1,0.0209161%
dashed,1,0.0209161%
daughter,1,0.0209161%
decided,1,0.0209161%
destroyed,1,0.0209161%
determined,1,0.0209161%
dialing,1,0.0209161%
dinner,1,0.0209161%
direction,1,0.0209161%
director,1,0.0209161%
discover,1,0.0209161%
discuss,1,0.0209161%
distance,1,0.0209161%
distinctly,1,0.0209161%
disturb,1,0.0209161%
does,1,0.0209161%
dog,1,0.0209161%
dolphins,1,0.0209161%
done,1,0.0209161%
doorstep,1,0.0209161%
doughnut,1,0.0209161%
downpour,1,0.0209161%
downright,1,0.0209161%
dozen,1,0.0209161%
drawn,1,0.0209161%
drifting,1,0.0209161%
drive,1,0.0209161%
driven,1,0.0209161%
driveway,1,0.0209161%
drummed,1,0.0209161%
dull,1,0.0209161%
early,1,0.0209161%
earmuffs,1,0.0209161%
eight,1,0.0209161%
else,1,0.0209161%
engine,1,0.0209161%
enraged,1,0.0209161%
eve,1,0.0209161%
evening,1,0.0209161%
everyone,1,0.0209161%
exactly,1,0.0209161%
examined,1,0.0209161%
exasperated,1,0.0209161%
except,1,0.0209161%
expected,1,0.0209161%
faintly,1,0.0209161%
faltered,1,0.0209161%
family,1,0.0209161%
fashion,1,0.0209161%
fast,1,0.0209161%
fear,1,0.0209161%
feasts,1,0.0209161%
fences,1,0.0209161%
fine,1,0.0209161%
finer,1,0.0209161%
fingers,1,0.0209161%
finished,1,0.0209161%
firm,1,0.0209161%
firmly,1,0.0209161%
flatter,1,0.0209161%
flicked,1,0.0209161%
flickered,1,0.0209161%
flinched,1,0.0209161%
flooded,1,0.0209161%
floor,1,0.0209161%
flutter,1,0.0209161%
flyin,1,0.0209161%
folks,1,0.0209161%
fond,1,0.0209161%
forehead,1,0.0209161%
forever,1,0.0209161%
forgotten,1,0.0209161%
forward,1,0.0209161%
free,1,0.0209161%
frozen,1,0.0209161%
full,1,0.0209161%
furiously,1,0.0209161%
future,1,0.0209161%
gasped,1,0.0209161%
gazed,1,0.0209161%
gets,1,0.0209161%
getting,1,0.0209161%
getups,1,0.0209161%
giant,1,0.0209161%
gingerly,1,0.0209161%
give,1,0.0209161%
glance,1,0.0209161%
glowed,1,0.0209161%
glumly,1,0.0209161%
go,1,0.0209161%
golden,1,0.0209161%
gossiped,1,0.0209161%
gray,1,0.0209161%
greatest,1,0.0209161%
green,1,0.0209161%
grew,1,0.0209161%
grin,1,0.0209161%
grip,1,0.0209161%
group,1,0.0209161%
growing,1,0.0209161%
grudgingly,1,0.0209161%
grunted,1,0.0209161%
guess,1,0.0209161%
hand,1,0.0209161%
handy,1,0.0209161%
happen,1,0.0209161%
happily,1,0.0209161%
hard,1,0.0209161%
having,1,0.0209161%
headlight,1,0.0209161%
heads,1,0.0209161%
heaven,1,0.0209161%
heavily,1,0.0209161%
hedges,1,0.0209161%
heel,1,0.0209161%
heeled,1,0.0209161%
held,1,0.0209161%
help,1,0.0209161%
hid,1,0.0209161%
hiding,1,0.0209161%
hissed,1,0.0209161%
hold,1,0.0209161%
hoped,1,0.0209161%
horribly,1,0.0209161%
hours,1,0.0209161%
howl,1,0.0209161%
huddle,1,0.0209161%
hummed,1,0.0209161%
hundreds,1,0.0209161%
hunt,1,0.0209161%
husband,1,0.0209161%
hushed,1,0.0209161%
imagination,1,0.0209161%
impatiently,1,0.0209161%
improve,1,0.0209161%
inky,1,0.0209161%
irritably,1,0.0209161%
jacket,1,0.0209161%
jam,1,0.0209161%
jet,1,0.0209161%
join,1,0.0209161%
judging,1,0.0209161%
jumping,1,0.0209161%
keep,1,0.0209161%
keeping,1,0.0209161%
kicked,1,0.0209161%
kicking,1,0.0209161%
killed,1,0.0209161%
knee,1,0.0209161%
knocked,1,0.0209161%
lace,1,0.0209161%
laid,1,0.0209161%
lamps,1,0.0209161%
landed,1,0.0209161%
late,1,0.0209161%
lately,1,0.0209161%
later,1,0.0209161%
learned,1,0.0209161%
leather,1,0.0209161%
legend,1,0.0209161%
legs,1,0.0209161%
lent,1,0.0209161%
less,1,0.0209161%
lids,1,0.0209161%
lighter,1,0.0209161%
lightning,1,0.0209161%
lights,1,0.0209161%
liked,1,0.0209161%
lips,1,0.0209161%
lived,1,0.0209161%
lose,1,0.0209161%
lots,1,0.0209161%
louder,1,0.0209161%
loudly,1,0.0209161%
luck,1,0.0209161%
lucky,1,0.0209161%
lunchtime,1,0.0209161%
make,1,0.0209161%
maps,1,0.0209161%
maybe,1,0.0209161%
meeting,1,0.0209161%
met,1,0.0209161%
middle,1,0.0209161%
midnight,1,0.0209161%
milk,1,0.0209161%
minute,1,0.0209161%
minutes,1,0.0209161%
mirror,1,0.0209161%
missed,1,0.0209161%
mixed,1,0.0209161%
mixing,1,0.0209161%
mother,1,0.0209161%
motorcy,1,0.0209161%
mouth,1,0.0209161%
mouthed,1,0.0209161%
move,1,0.0209161%
moving,1,0.0209161%
muffled,1,0.0209161%
mumbled,1,0.0209161%
murmured,1,0.0209161%
muscular,1,0.0209161%
muttered,1,0.0209161%
myself,1,0.0209161%
narrowed,1,0.0209161%
nation,1,0.0209161%
near,1,0.0209161%
nearest,1,0.0209161%
neat,1,0.0209161%
neither,1,0.0209161%
nephew,1,0.0209161%
nerve,1,0.0209161%
nervously,1,0.0209161%
newscaster,1,0.0209161%
nice,1,0.0209161%
nighttime,1,0.0209161%
ninth,1,0.0209161%
noble,1,0.0209161%
nodded,1,0.0209161%
nodding,1,0.0209161%
noticing,1,0.0209161%
numbers,1,0.0209161%
o,1,0.0209161%
obviously,1,0.0209161%
odd,1,0.0209161%
oddly,1,0.0209161%
oh,1,0.0209161%
once,1,0.0209161%
onto,1,0.0209161%
opinion,1,0.0209161%
orange,1,0.0209161%
order,1,0.0209161%
pair,1,0.0209161%
parking,1,0.0209161%
parties,1,0.0209161%
passersby,1,0.0209161%
patted,1,0.0209161%
pattern,1,0.0209161%
patting,1,0.0209161%
pavement,1,0.0209161%
pecked,1,0.0209161%
peculiar,1,0.0209161%
peered,1,0.0209161%
perfect,1,0.0209161%
person,1,0.0209161%
persuade,1,0.0209161%
phoning,1,0.0209161%
piercing,1,0.0209161%
pinched,1,0.0209161%
pinpricks,1,0.0209161%
places,1,0.0209161%
plain,1,0.0209161%
planets,1,0.0209161%
pointed,1,0.0209161%
pointing,1,0.0209161%
poor,1,0.0209161%
pop,1,0.0209161%
popped,1,0.0209161%
possible,1,0.0209161%
power,1,0.0209161%
powers,1,0.0209161%
precious,1,0.0209161%
pressed,1,0.0209161%
pretend,1,0.0209161%
probably,1,0.0209161%
prodded,1,0.0209161%
promise,1,0.0209161%
promised,1,0.0209161%
proper,1,0.0209161%
proud,1,0.0209161%
pull,1,0.0209161%
purple,1,0.0209161%
pursed,1,0.0209161%
quickly,1,0.0209161%
quiver,1,0.0209161%
rain,1,0.0209161%
rattled,1,0.0209161%
read,1,0.0209161%
ready,1,0.0209161%
real,1,0.0209161%
realized,1,0.0209161%
really,1,0.0209161%
receiver,1,0.0209161%
related,1,0.0209161%
relieved,1,0.0209161%
remember,1,0.0209161%
repeated,1,0.0209161%
reply,1,0.0209161%
report,1,0.0209161%
reported,1,0.0209161%
robes,1,0.0209161%
rolled,1,0.0209161%
rooted,1,0.0209161%
rose,1,0.0209161%
rumbling,1,0.0209161%
rummaging,1,0.0209161%
rumor,1,0.0209161%
rywhere,1,0.0209161%
sad,1,0.0209161%
scar,1,0.0209161%
scratchy,1,0.0209161%
scream,1,0.0209161%
second,1,0.0209161%
seconds,1,0.0209161%
secretary,1,0.0209161%
seeing,1,0.0209161%
seized,1,0.0209161%
sensible,1,0.0209161%
seriously,1,0.0209161%
severe,1,0.0209161%
shaggy,1,0.0209161%
shake,1,0.0209161%
shall,1,0.0209161%
shape,1,0.0209161%
shaped,1,0.0209161%
sharply,1,0.0209161%
shocked,1,0.0209161%
shone,1,0.0209161%
shook,1,0.0209161%
shot,1,0.0209161%
shoulder,1,0.0209161%
shoulders,1,0.0209161%
shouted,1,0.0209161%
showers,1,0.0209161%
showing,1,0.0209161%
shuddered,1,0.0209161%
sideways,1,0.0209161%
sightings,1,0.0209161%
signs,1,0.0209161%
silence,1,0.0209161%
silent,1,0.0209161%
silently,1,0.0209161%
silly,1,0.0209161%
simply,1,0.0209161%
single,1,0.0209161%
sinking,1,0.0209161%
sipped,1,0.0209161%
sit,1,0.0209161%
size,1,0.0209161%
slammed,1,0.0209161%
sleep,1,0.0209161%
sleepiness,1,0.0209161%
sleeping,1,0.0209161%
sleeve,1,0.0209161%
slept,1,0.0209161%
slinking,1,0.0209161%
slipped,1,0.0209161%
smiling,1,0.0209161%
sniff,1,0.0209161%
sniffed,1,0.0209161%
sobbed,1,0.0209161%
somebody,1,0.0209161%
somehow,1,0.0209161%
someone,1,0.0209161%
sound,1,0.0209161%
sparkling,1,0.0209161%
special,1,0.0209161%
spend,1,0.0209161%
spent,1,0.0209161%
split,1,0.0209161%
spot,1,0.0209161%
spying,1,0.0209161%
square,1,0.0209161%
squeaky,1,0.0209161%
stand,1,0.0209161%
started,1,0.0209161%
starts,1,0.0209161%
statue,1,0.0209161%
staying,1,0.0209161%
steadily,1,0.0209161%
steering,1,0.0209161%
step,1,0.0209161%
stepped,1,0.0209161%
stern,1,0.0209161%
stiff,1,0.0209161%
stop,1,0.0209161%
story,1,0.0209161%
straight,1,0.0209161%
strangely,1,0.0209161%
stranger,1,0.0209161%
streaming,1,0.0209161%
streets,1,0.0209161%
stretch,1,0.0209161%
stroked,1,0.0209161%
struck,1,0.0209161%
stuff,1,0.0209161%
stumbled,1,0.0209161%
stunt,1,0.0209161%
subject,1,0.0209161%
suggest,1,0.0209161%
sunrise,1,0.0209161%
supposed,1,0.0209161%
surely,1,0.0209161%
surprised,1,0.0209161%
survive,1,0.0209161%
swallowed,1,0.0209161%
swapping,1,0.0209161%
swarmin,1,0.0209161%
sweet,1,0.0209161%
sweets,1,0.0209161%
swelled,1,0.0209161%
swept,1,0.0209161%
swish,1,0.0209161%
swooped,1,0.0209161%
swooping,1,0.0209161%
swung,1,0.0209161%
tail,1,0.0209161%
take,1,0.0209161%
takin,1,0.0209161%
taking,1,0.0209161%
talk,1,0.0209161%
tangles,1,0.0209161%
tantrum,1,0.0209161%
tawny,1,0.0209161%
tend,1,0.0209161%
ter,1,0.0209161%
than,1,0.0209161%
thankful,1,0.0209161%
those,1,0.0209161%
three,1,0.0209161%
threw,1,0.0209161%
throat,1,0.0209161%
through,1,0.0209161%
throwing,1,0.0209161%
tidy,1,0.0209161%
tie,1,0.0209161%
tight,1,0.0209161%
tin,1,0.0209161%
top,1,0.0209161%
trash,1,0.0209161%
trembled,1,0.0209161%
trick,1,0.0209161%
trying,1,0.0209161%
tuck,1,0.0209161%
tucked,1,0.0209161%
tuft,1,0.0209161%
turn,1,0.0209161%
turning,1,0.0209161%
twinkling,1,0.0209161%
twitched,1,0.0209161%
tyke,1,0.0209161%
unDursleyish,1,0.0209161%
unable,1,0.0209161%
unblinkingly,1,0.0209161%
under,1,0.0209161%
underneath,1,0.0209161%
understand,1,0.0209161%
unsticking,1,0.0209161%
unusual,1,0.0209161%
unusually,1,0.0209161%
unwelcome,1,0.0209161%
upstairs,1,0.0209161%
use,1,0.0209161%
useful,1,0.0209161%
usually,1,0.0209161%
vast,1,0.0209161%
violet,1,0.0209161%
visible,1,0.0209161%
voices,1,0.0209161%
wake,1,0.0209161%
waking,1,0.0209161%
walls,1,0.0209161%
watchers,1,0.0209161%
weather,1,0.0209161%
weatherman,1,0.0209161%
week,1,0.0209161%
weeks,1,0.0209161%
weirdos,1,0.0209161%
weren,1,0.0209161%
wet,1,0.0209161%
wheel,1,0.0209161%
whether,1,0.0209161%
whiskery,1,0.0209161%
whisperers,1,0.0209161%
whole,1,0.0209161%
wife,1,0.0209161%
wild,1,0.0209161%
wise,1,0.0209161%
without,1,0.0209161%
woke,1,0.0209161%
woken,1,0.0209161%
won,1,0.0209161%
words,1,0.0209161%
work,1,0.0209161%
world,1,0.0209161%
worried,1,0.0209161%
worrying,1,0.0209161%
wounded,1,0.0209161%
wrestled,1,0.0209161%
wrong,1,0.0209161%
yawned,1,0.0209161%
yelled,1,0.0209161%
yesterday,1,0.0209161%
your,1,0.0209161%
